{"cameraMode":{"drawMode":0,"name":"Shaded","section":"Shading Mode"},"sceneLighting":false,"audioPlay":false,"sceneViewState":{"showFog":true,"showMaterialUpdate":false,"showSkybox":false,"showFlares":true,"showImageEffects":true,"showParticleSystems":true},"in2DMode":false,"pivot":{"x":65.0,"y":2.777346611022949,"z":-63.37466049194336},"rotation":{"x":-0.003948518540710211,"y":-0.6284033060073853,"z":-0.0032332544215023519,"w":0.7778709530830383},"size":2.393472671508789,"orthographic":false}